ID;Chantier;Support;Tache;Fait;Observation
1;THOMERY;56/25;Pose console 1V;;
2;THOMERY;56/24;Pose console 1V;;
3;THOMERY;56/26;Pose console 1V;;
4;THOMERY;56/27A;Pose console 1V;;
5;THOMERY;56/27ABIS;Pose console 1V;;
6;THOMERY;56/27B;Pose console 1V;;
7;THOMERY;56/27BIS;Pose console 1V;;
8;THOMERY;56/28A;Pose console 1V;;
9;THOMERY;56/28B;Pose console 1V;;
10;THOMERY;56/29;Pose console 1V;;
11;THOMERY;56/30;Pose console 1V;;
12;THOMERY;56/31;Pose console 1V;;
13;THOMERY;56/32;Pose console 1V;;
14;THOMERY;56/25;Pose console Anti;;
15;THOMERY;56/24;Pose console Anti;;
16;THOMERY;56/26;Pose console Anti;;
17;THOMERY;56/27A;Pose console Anti;;
18;THOMERY;56/27ABIS;Pose console Anti;;
19;THOMERY;56/27B;Pose console Anti;;
20;THOMERY;56/27BIS;Pose console Anti;;
21;THOMERY;56/28A;Pose console Anti;;
22;THOMERY;56/28B;Pose console Anti;;
23;THOMERY;56/29;Pose console Anti;;
24;THOMERY;56/30;Pose console Anti;;
25;THOMERY;56/31;Pose console Anti;;
26;THOMERY;56/32;Pose console Anti;;
27;THOMERY;56/25;Pose Armement;;
28;THOMERY;56/24;Pose Armement;;
29;THOMERY;56/26;Pose Armement;;
30;THOMERY;56/27A;Pose Armement;;
31;THOMERY;56/27ABIS;Pose Armement;;
32;THOMERY;56/27B;Pose Armement;;
33;THOMERY;56/27BIS;Pose Armement;;
34;THOMERY;56/28A;Pose Armement;;
35;THOMERY;56/28B;Pose Armement;;
36;THOMERY;56/29;Pose Armement;;
37;THOMERY;56/30;Pose Armement;;
38;THOMERY;56/31;Pose Armement;;
39;THOMERY;56/32;Pose Armement;;
